Factor,Score,Assessment
EU Strategic Alignment,10,Perfect alignment with Digital Decade + Green Deal
Technology Readiness,9,Advanced CLGS technology approaching commercial readiness
Environmental Benefits,10,Significant CO2 abatement + climate resilience
Economic Impact,9,Major job creation + GDP contribution potential
Innovation Level,9,Cutting-edge dual closed-loop architecture
Market Timing,10,Perfect timing with AI boom + grid constraints
Risk Profile,7,Manageable with proper exploration strategy
Funding Availability,9,Multiple large-scale funding sources available
Political Support,9,Strong EU support for geothermal + digital sovereignty
Implementation Complexity,6,Requires coordination across multiple stakeholders
